{"police_station": {"Upparpet": 0.11549196669403072, "Shivajinagar": 0.09396706260785069, "Malleshwaram": 0.07438556517951381, "HAL Old Airport": 0.06975824691316658, "City Market": 0.059126472214310846, "Vijayanagara": 0.049094473018479114, "Rajajinagar": 0.03685101107406725, "Kodigehalli": 0.03657625358106184, "Magadi Road": 0.028675300306589154, "Jeevanbheemanagar": 0.02257032284005428, "K.R. Pura": 0.02193368962455394, "Halasuru Gate": 0.02108931293873243, "Mahadevapura": 0.02073078791737171, "Chikkajala": 0.019547990416994756, "HSR Layout": 0.016813818291477493, "Bellandur": 0.016632880430230024, "High ground": 0.016589321315485267, "Byatarayanapura": 0.01526244366633718, "Electronic City": 0.014518588014542044, "Pulikeshinagar(F.Town)": 0.013858499891102213, "Halasur": 0.013439662249325671, "Jayanagara": 0.01277622342475163, "Chamarajpet": 0.012715910804335807, "Banaswadi": 0.012595285563504163, "Basavanagudi": 0.012075926887701252, "Ashok Nagar": 0.011807870796964265, "Adugodi": 0.011164536179195496, "Cubbon Park": 0.010906532191861147, "Hebbala": 0.01075239993968738, "Wilson Garden": 0.010413979125131935, "Sheshadripuram": 0.010353666504716112, "Mico Layout": 0.00867161453534152, "Yeshwanthpura": 0.008668263834207308, "Yelahanka": 0.008175710767478094, "Hulimavu": 0.008024929216438539, "Whitefield": 0.007716664712091005, "R.T. Nagar": 0.005816817168992612, "J.P. Nagar": 0.005485097756705591, "Madiwala": 0.005237145872773878, "V.V.Puram (C.Pet)": 0.005213690964834391, "Sadashivanagar": 0.004841763138936823, "Kamakshipalya": 0.0047948533230578495, "Banashankari": 0.004027542763323225, "Jalahalli": 0.003886813315686307, "Jnanabharathi": 0.003561795305667711, "Peenya": 0.0032635829047228133, "Devanahalli Airport": 0.003149659066159594, "K.G. Halli": 0.002988825411717402, "Hennuru": 0.002988825411717402, "Thalagattapura": 0.0029151099867647306, "K.S. Layout": 0.0027743805391278126, "Chikkabanavara": 0.0026303003903566822, "Kengeri": 0.0015547253262745229, "No Police Station": 0.0011358876844979812}, "vehicle_type_clean": {"SCOOTER": 0.3178287820405428, "CAR": 0.29777182107555705, "MOTOR CYCLE": 0.1367431730608142, "PASSENGER AUTO": 0.12669793935332552, "MAXI-CAB": 0.038103534930474116, "LGV": 0.027659574468085105, "GOODS AUTO": 0.009830792427542302, "MOPED": 0.007368068353157983, "PRIVATE BUS": 0.005471603283632099, "VAN": 0.004912045568771989, "TEMPO": 0.00458368235885408, "BUS (BMTC/KSRTC)": 0.004292176243926956, "HGV": 0.0038331378790417156, "LORRY/GOODS VEHICLE": 0.003759423689060144, "JEEP": 0.0030591388842352153, "OTHERS": 0.0029988272742502934, "TOURIST BUS": 0.0012698944546825264, "SCHOOL VEHICLE": 0.001266543809683364, "TANKER": 0.000871167699782208, "FACTORY BUS": 0.0007974535098006367, "MINI LORRY": 0.0006667783548333055, "TRACTOR": 0.00021444127994638967}, "primary_violation": {"WRONG PARKING": 0.49419668286145085, "NO PARKING": 0.43097336237225664, "PARKING IN A MAIN ROAD": 0.057242419165689395, "PARKING ON FOOTPATH": 0.008199028312950243, "DEFECTIVE NUMBER PLATE": 0.0027039705143240074, "PARKING NEAR ROAD CROSSING": 0.0021645166694588707, "PARKING NEAR BUSTOP/SCHOOL/HOSPITAL ETC": 0.0019902831295024294, "DOUBLE PARKING": 0.001058803819735299, "PARKING OTHER THAN BUS STOP": 0.0006500251298374938, "PARKING NEAR TRAFFIC LIGHT OR ZEBRA CROSS": 0.00041883062489529233, "PARKING OPPOSITE TO ANOTHER PARKED VEHICLE": 0.0002244932149438767, "H T V PROHIBITED": 9.716870497570782e-05, "REFUSE TO GO FOR HIRE": 6.0311609984922096e-05, "WITHOUT SIDE MIRROR": 1.0051934997487016e-05, "OBSTRUCTING DRIVER": 3.3506449991623385e-06, "DEMANDING EXCESS FARE": 3.3506449991623385e-06, "FAIL TO USE SAFETY BELTS": 3.3506449991623385e-06}}