{"police_station": {"Upparpet": 0.11549235367439117, "Shivajinagar": 0.09396737746444894, "Malleshwaram": 0.07438581442414657, "HAL Old Airport": 0.06975848065298683, "City Market": 0.05912667033011218, "Vijayanagara": 0.049094637519936736, "Rajajinagar": 0.03685113455120559, "Kodigehalli": 0.03657637613756685, "Magadi Road": 0.02867539638927236, "Jeevanbheemanagar": 0.022570398466714024, "K.R. Pura": 0.021933763118038897, "Halasuru Gate": 0.02108938360295399, "Mahadevapura": 0.020730857380279046, "Chikkajala": 0.019548055916687887, "HSR Layout": 0.016813874629746282, "Bellandur": 0.01663293616222809, "High ground": 0.016589376901529264, "Byatarayanapura": 0.01526249480639584, "Electronic City": 0.014518636662154374, "Pulikeshinagar(F.Town)": 0.01385854632694911, "Halasur": 0.013439707281768104, "Jayanagara": 0.01277626623420139, "Chamarajpet": 0.012715953411695326, "Banaswadi": 0.012595327766683196, "Basavanagudi": 0.01207596735065875, "Ashok Nagar": 0.011807910361742906, "Adugodi": 0.011164573588344882, "Cubbon Park": 0.010906568736513383, "Hebbala": 0.010752435967886772, "Wilson Garden": 0.01041401401938052, "Sheshadripuram": 0.010353701196874456, "Mico Layout": 0.008671643591427537, "Yeshwanthpura": 0.00866829287906609, "Yelahanka": 0.008175738161933227, "Hulimavu": 0.008024956105668064, "Whitefield": 0.007716690568414845, "R.T. Nagar": 0.005816836659473804, "J.P. Nagar": 0.0054851161356904475, "Madiwala": 0.005233812708581844, "V.V.Puram (C.Pet)": 0.0052137084344131565, "Sadashivanagar": 0.0048417793622924235, "Kamakshipalya": 0.004794869389232151, "Banashankari": 0.004027556258460549, "Jalahalli": 0.003886826339279731, "Jnanabharathi": 0.0035618072402192704, "Peenya": 0.0032635938400503947, "Devanahalli Airport": 0.003149669619761161, "Hennuru": 0.002988835426411655, "K.G. Halli": 0.002988835426411655, "Thalagattapura": 0.0029151197544597983, "K.S. Layout": 0.0027743898352789805, "Chikkabanavara": 0.0026303092037367145, "Kengeri": 0.0015547305357118924, "No Police Station": 0.001135891490530887}, "vehicle_type_clean": {"SCOOTER": 0.3178298469755302, "CAR": 0.2977694681503372, "MOTOR CYCLE": 0.13674363124017838, "PASSENGER AUTO": 0.12669836387456485, "MAXI-CAB": 0.03810366260232066, "LGV": 0.02765966714581051, "GOODS AUTO": 0.009830825367148155, "MOPED": 0.007368093041022084, "PRIVATE BUS": 0.005471621617093708, "VAN": 0.004912062027348056, "TEMPO": 0.004583697717197913, "BUS (BMTC/KSRTC)": 0.00429219062553401, "HGV": 0.003833150722569015, "LORRY/GOODS VEHICLE": 0.003759436285596534, "JEEP": 0.003059149134357964, "OTHERS": 0.0029988373222895703, "TOURIST BUS": 0.0012698987096622873, "SCHOOL VEHICLE": 0.0012665480534362655, "TANKER": 0.0008711706187656853, "FACTORY BUS": 0.0007974561817932042, "MINI LORRY": 0.0006667805889783514, "TRACTOR": 0.00021444199846539945}, "primary_violation": {"WRONG PARKING": 0.4941949880884171, "NO PARKING": 0.4309748064158365, "PARKING IN A MAIN ROAD": 0.057242610965357564, "PARKING ON FOOTPATH": 0.008199055785075507, "DEFECTIVE NUMBER PLATE": 0.0027039795743996464, "PARKING NEAR ROAD CROSSING": 0.0021645239220101256, "PARKING NEAR BUSTOP/SCHOOL/HOSPITAL ETC": 0.001990289798256989, "DOUBLE PARKING": 0.0010588073674229097, "PARKING OTHER THAN BUS STOP": 0.0006500273078482421, "PARKING NEAR TRAFFIC LIGHT OR ZEBRA CROSS": 0.0004188320282527333, "PARKING OPPOSITE TO ANOTHER PARKED VEHICLE": 0.00022449396714346504, "H T V PROHIBITED": 9.716903055463413e-05, "REFUSE TO GO FOR HIRE": 6.0311812068393594e-05, "WITHOUT SIDE MIRROR": 1.0051968678065599e-05, "OBSTRUCTING DRIVER": 3.3506562260218663e-06, "DEMANDING EXCESS FARE": 3.3506562260218663e-06, "FAIL TO USE SAFETY BELTS": 3.3506562260218663e-06}}